,min_MAX_NPV_unsolved_LL,MAX_AVG_NPV_unsolved_LL,min_MAX_NPV_unsolved_HL,MAX_AVG_NPV_unsolved_HL,min_MAX_NPV_unsolved_ML,MAX_AVG_NPV_unsolved_ML,min_MAX_NPV_unsolved_LH,MAX_AVG_NPV_unsolved_LH,min_MAX_NPV_unsolved_MM,MAX_AVG_NPV_unsolved_MM,MAX_AVG_PV_unsolved_LL,MAX_AVG_PV_unsolved_HL,MAX_AVG_PV_unsolved_LH,MAX_AVG_PV_unsolved_ML,MAX_AVG_PV_unsolved_MM,min_MAX_PV_unsolved_LL,min_MAX_PV_unsolved_HL,min_MAX_PV_unsolved_LH,min_MAX_PV_unsolved_ML,min_MAX_PV_unsolved_MM
0,2578374.568281471,2598945.8757458953,2586826.8542639064,2603466.373877646,2542941.351250689,2557903.9951397628,2262506.399651652,2300149.4523704303,2437483.95142774,2437254.966694561,1329864.5723033499,1339075.7058773658,1038034.0064790368,1255004.8346114133,1099732.2487217123,1292357.8084964245,1303886.938071708,1001713.9323416436,1233635.8022964408,1097987.2030988731
1,2583781.538259875,2604624.7879992668,2591653.8563569393,2615533.4322599843,2500017.54114642,2502607.3884160337,2212871.6130512087,2239302.449997646,2418838.3081497666,2414295.027375892,1356391.305348376,1347056.97759207,1127502.0237020445,1287842.0866015763,1173808.821867731,1318172.9913909489,1314488.5905236653,1110757.1744001757,1247136.8961415717,1156307.9554818855
2,2581913.9174883654,2606141.398136204,2598454.538992456,2622228.1639322937,2518723.250899085,2527777.8219908196,2143136.4341535196,2157806.957244424,2431110.0087829395,2428747.898282548,1327614.5662818565,1347594.914705122,1231765.577412837,1323340.5025745314,1170205.6114957547,1293569.7364856384,1315331.383881043,1196752.853980427,1289144.3930540367,1155073.291033127
3,2580850.2269350123,2603608.771658059,2587010.769773855,2606563.053229332,2511597.4080395037,2514689.298093207,2048687.532845437,2064863.0599938945,2399340.111380849,2392151.4724521264,1327275.1258319104,1334363.1907764028,1233859.2996164726,1299662.8078236887,1216909.0814713938,1292464.6997906172,1304822.4382597452,1193784.6681760466,1255986.3915144952,1203011.190594012
4,2573036.4264698103,2599475.8536420455,2596537.1608620333,2618892.117734886,2516068.4171116706,2523349.346977818,2272472.4191064853,2294318.355252101,2409937.4757569134,2409518.6158858556,1343214.637001352,1341739.8568725605,1080290.4877404552,1312136.518538772,1132041.1973966302,1309502.7382327688,1311427.9150811553,1073541.1810907607,1281201.757266669,1130040.4234348156
5,2583732.6885334,2606536.630560777,2595635.2858074633,2614270.6834680303,2549482.1685210867,2560030.92223097,2152979.8096847376,2175090.0328972912,2394798.5403291835,2388913.966623268,1319991.0409648572,1355765.8253399662,1125002.3784169164,1186314.7216906229,1198779.941056713,1292300.704406937,1317303.363057955,1104594.472094087,1173835.6125222344,1176990.0349650283
6,2572210.939761516,2595391.9778177547,2596027.2218934083,2617954.09480594,2575931.871622855,2586835.7549290694,2086817.1581663971,2107466.322863455,2434880.517114111,2430964.1849978296,1346966.0197587165,1336237.0166188204,1219572.9809634828,1153697.0711574606,1112180.0014729933,1314399.496313889,1300911.1408389441,1175951.087184061,1149021.9128297544,1115241.3765414793
7,2568807.6426392463,2595967.796947768,2593539.384125048,2614647.265925055,2491814.5090745706,2496454.908561321,2120450.4942577067,2145986.3420253657,2406251.106995211,2397691.6586933834,1345985.9942149676,1351412.7633449808,1147341.915523053,1305324.626776113,1195172.354007647,1312421.1167306583,1315908.777097306,1116418.8128929886,1269602.6327235613,1177789.9198341628
8,2582393.1966678137,2606932.320509321,2595174.7319052415,2617065.011808659,2518688.748692194,2526918.662664494,2110652.0283878758,2123183.27336614,2405825.7166229067,2401447.6370699685,1330913.4498584038,1352285.8308008134,1185444.8387675963,1319906.454302279,1181292.9112892144,1296879.031175793,1319545.4962680568,1138378.5023984213,1290041.448780321,1173287.5383525344
9,2580818.464022417,2601429.2540191687,2596001.4434122243,2617370.2926237686,2541996.347419368,2544544.0088366037,2165706.226376364,2191022.7336143246,2405268.3691392,2406703.231474055,1332479.8880100232,1348264.5225748674,1168392.37179365,1233120.3425262528,1156315.0431701192,1302428.845236124,1314236.3244380818,1113971.6264023292,1200066.0677598822,1152166.3871451323
10,2575083.295389546,2597348.2330225566,2595223.445243283,2619981.4661939526,2537094.687931073,2548634.4832398556,2176401.9694563793,2198547.3003274845,2370809.442250222,2358938.6167776883,1329399.1416416245,1339765.0081601623,1176353.1703255817,1232480.3894459303,1289955.4123474678,1296747.1496120556,1311951.4680459625,1134726.6885091735,1213065.5717913308,1252955.6489253892
11,2571448.585877799,2594753.923135983,2584789.324068824,2602972.3277861364,2533955.0948887696,2539639.279774299,2287784.3385491427,2331684.2425150624,2410409.208174278,2413387.657600726,1347200.9521565523,1347947.3141542089,1012956.0408050402,1252788.6207558236,1156637.640263943,1314522.1475192285,1314333.3994841326,1013772.983954048,1228660.789742784,1150600.5890145858
12,2574816.7622610093,2596170.5221467074,2593624.910276685,2615470.915343399,2502941.10053816,2507985.55114696,2288277.417775098,2317699.812051813,2413781.279403055,2403438.8748247493,1343999.6484487168,1344075.9112629662,1073874.8923548344,1283666.003685379,1175086.1053297564,1307440.1925450114,1313609.5127162554,1046484.8376423563,1247973.850693935,1165075.1856910845
13,2582551.7907936834,2603978.67419396,2588995.1831235792,2610388.2975152424,2535320.418045248,2539913.9213478244,2252526.4409840973,2294953.7094600173,2399970.271335542,2394553.539566323,1332593.9571337313,1345814.4492010078,1025322.2993089275,1242055.3033276366,1178730.3888151117,1296753.1360328868,1308415.1974168988,1007858.4138819678,1212321.5970612639,1172504.9995849493
14,2577809.127557705,2603387.812125275,2591686.2713224553,2611634.5544474516,2530261.8050755737,2542033.926928697,2182652.404659017,2213350.187770741,2426893.1458836747,2422396.096692293,1322048.7582782067,1324901.259590817,1143299.643018943,1302900.104058133,1159144.209061206,1290016.1167656805,1292720.0041371353,1118226.281984329,1275834.496629205,1144781.9422595925
15,2576499.782545785,2599481.0232822783,2586567.9613547465,2604583.5320827626,2512335.6138931406,2525493.208502005,2178522.0997244157,2208393.0007810546,2362481.5736229415,2350535.513737497,1350272.8053371105,1348656.7256875394,1116358.520118187,1250983.3533716775,1252886.2152471321,1312844.0388736064,1315413.2544450404,1091338.1085334339,1226910.2590155755,1217261.188967093
16,2583156.14423591,2605510.841923402,2596003.4198098485,2617087.4220648534,2505776.9932814213,2511406.203186198,2095569.858907714,2113116.522591402,2393516.5903641293,2389536.526684913,1354176.342938092,1353246.271387307,1172006.467461826,1271955.0746309955,1205173.92652126,1315018.0584566551,1319226.1703513649,1143447.7317006183,1228432.2770824593,1199757.1157513268
17,2570300.8182254313,2590791.7020849246,2593104.968297054,2613853.6793179186,2542659.364447087,2548574.9613603065,2137629.9666385194,2157100.012824135,2412615.1921200855,2415847.2315221066,1343911.6544748473,1348052.0127411317,1196184.2530177585,1191019.5257130573,1149562.8603744772,1310251.9813924734,1312960.1611681706,1152801.0119441133,1174200.4948058561,1146476.9198824742
18,2576913.984508845,2601124.2127031884,2581614.359478266,2601614.9245399833,2518750.3817501273,2524229.8489520336,2156591.8078534272,2174790.039052398,2405507.9807123593,2394810.79044093,1341871.017091613,1364360.70467898,1170547.3775432636,1275297.0759237546,1202404.921248265,1310029.0953611445,1327655.6699856184,1131448.0730124284,1239674.9280962718,1181153.892020187
19,2572356.2137603196,2596788.9487608434,2596101.6179808076,2617518.6051340997,2569576.9540919187,2588963.624065037,2238914.8921022904,2264408.460111757,2425424.269437819,2419714.7423639344,1337341.2506282763,1352350.4163264143,1056797.4284415934,1163936.7767673123,1161550.3128353292,1308117.3436178006,1318758.5624419393,1055655.5180820527,1155634.22728849,1142699.132869003
20,2583054.4694557805,2604717.791909294,2592849.5917379395,2611748.6548624216,2514067.7792757303,2520922.966964575,2239984.0637108693,2261911.7031048248,2386680.0234313365,2376934.0051196357,1320725.118099927,1356600.114139335,1111049.464209836,1286759.951423542,1221439.1654302387,1288978.484346566,1318227.5239523726,1093008.9576854904,1247978.3248164826,1193656.7088932847
21,2573788.7696327055,2597744.3657112517,2593803.5649243426,2612938.305033099,2549668.6874252353,2560141.270142097,2273335.471209339,2308007.5889400765,2386916.921141847,2382124.0119225625,1337171.6821121483,1345657.6281740663,1184329.3520235003,1208139.0029531426,1226242.6721503816,1308140.093678392,1311350.2886550836,1157868.4912583702,1189050.9259626966,1206064.1266550452
22,2579492.2106185993,2602948.4029541234,2596049.418031009,2616595.249041526,2547472.541661651,2562164.4477591906,2270657.7708044383,2291052.0377853056,2391342.6962462915,2381151.886912101,1342601.0749007254,1362370.5555692168,1127407.460764575,1252072.3170862785,1192726.0877906252,1310990.5982150906,1325579.9619575117,1106999.8867363755,1228849.0868628635,1182588.6151686446
23,2566417.233830873,2589318.946045259,2594442.9984314265,2616155.491548418,2521769.6507473113,2533123.467743027,2120453.326906504,2137797.8593909144,2395257.1828059484,2389925.7650261195,1353834.7120639465,1341475.9251507258,1217173.2368560152,1329942.9347747497,1223183.047242282,1318419.11252357,1310753.7890348951,1174285.8875603322,1296957.037171651,1210082.6692406414
24,2575323.8503741324,2599501.010694109,2593991.318540093,2615478.760643893,2545365.6924605304,2558108.227751608,2080348.2099031983,2091338.2681409083,2409785.1510777855,2404221.710560226,1334984.4749516908,1352294.6336724036,1232680.0639494932,1179958.9291649887,1146699.4616115512,1303333.6543889455,1318560.5701758799,1168837.0704367757,1163831.2966334354,1137057.4581401164
25,2588609.8871818874,2612173.7123049707,2598099.9668824803,2619836.2557983166,2542945.070268225,2557898.1223613536,2173243.2001312748,2190208.0338435774,2418661.4275066345,2411999.9664901006,1333824.1775776646,1350108.4795919922,1103976.7522572372,1222723.7823588047,1198530.216985183,1303811.1415602535,1315517.556448107,1081554.7842022579,1202639.5389285514,1180524.1880130249
26,2583104.4830606105,2606628.846053702,2594764.070888329,2618625.0149046043,2540557.3340088427,2548419.9162316187,2242559.4483941356,2262308.127901576,2416700.0055327313,2418261.511718519,1336649.01926493,1346345.9976653974,1120488.101874447,1251845.2455251,1170553.0842303615,1305711.9289546106,1312538.2750335215,1108822.0075185355,1220424.753914177,1159433.3059233197
27,2577221.1079520956,2600043.4037470724,2590461.1043861955,2612199.835523447,2552548.468572654,2564645.5876292177,2241246.249044584,2273433.1920848317,2367668.4649437624,2361329.670257832,1349579.231002198,1343836.584261665,1020929.6368495369,1253239.9116364317,1255411.050663698,1315275.9841302102,1309272.5022129193,994607.8685528066,1229542.8540704222,1230229.2621129022
28,2590140.6242905557,2612297.0602265643,2583060.914806216,2603003.8576549636,2537108.545461846,2545559.9369221325,2113545.3899735985,2137960.856184917,2429673.8920570333,2429394.630096012,1328273.830745711,1367294.5460260892,1191613.4479554594,1254292.2672219158,1152910.8609394052,1297797.0499032785,1330057.9363592379,1154836.0065235079,1231582.8105916262,1144092.257605623
29,2582816.7721294984,2603651.971702937,2593796.72163607,2613911.258393514,2549546.933339892,2556017.588585099,2272239.1028188495,2309040.925280572,2387198.8544701226,2380815.848029216,1325989.3496446211,1354253.692218475,1200257.7238947114,1234965.8686867126,1216957.8982085055,1288832.3338411823,1319366.5501600401,1194136.0059622943,1216477.0271963063,1190379.7881886407
30,2571566.25286587,2598035.946484966,2591928.358841469,2612130.875502626,2548413.9313144777,2559463.686411003,2314154.064027032,2354675.5426950646,2412020.789169754,2406462.0037954655,1330424.1131868886,1363171.1846055791,966262.1996975316,1216493.1331804923,1146397.9253390783,1302057.7305466288,1326142.5476209456,975117.329834321,1188786.4575488842,1148408.6069024177
31,2577037.4558843393,2598853.902590532,2596157.150401288,2621213.3812817642,2536044.101555285,2535140.838509271,2244787.455423941,2266471.363058679,2374206.351625165,2366531.458079559,1332138.1800768627,1345772.2682802477,1116914.114296556,1291248.9885916943,1250765.5669078645,1296422.378680196,1313029.9504611352,1106211.8664107835,1255535.434805948,1228221.2088749746
32,2579593.630216011,2603772.7189182127,2597862.1934197214,2621259.3862192547,2544553.4421633626,2557761.9126268593,2255991.246938812,2286025.7162660034,2431449.980274382,2423116.8728738306,1326472.0573110108,1349687.3707936464,1081901.7196594416,1196197.7046275728,1131828.4450483269,1293718.5553915133,1314919.2906807961,1053737.9381446363,1175988.8603286433,1127026.996177317
33,2578506.3642603415,2602501.1682776706,2589382.0323909866,2609544.795746442,2541180.5976599525,2548248.090051041,2170320.399436213,2185029.115874127,2427976.2458254844,2418369.6141487136,1346518.0476077367,1337115.6567356866,1158436.2574996762,1212744.7233543193,1172738.9535543914,1315063.980430343,1302856.0869338599,1129674.299495138,1191279.9882105133,1166363.2223054543
34,2577283.464585444,2600961.6056940104,2596469.875028846,2618453.5863454095,2547422.805963358,2548326.7855471643,2140862.9664652133,2154490.670011502,2427360.372474546,2420722.975590749,1343510.3657276053,1352555.434959953,1292009.7985880717,1236487.7185669274,1190908.9893128197,1309053.521318081,1318683.2469916316,1229390.96590221,1206264.404797335,1185218.934960687
35,2575745.9591426156,2597037.7109066546,2586448.8792755064,2606192.0910364445,2535224.2336351993,2543587.621296121,2042917.5629694148,2058332.215003905,2410661.235358365,2405455.105648721,1345391.326372195,1342765.8137250543,1255830.4361917588,1248783.7107132897,1201965.703740982,1308647.6717328548,1307279.5875896872,1197192.2875342693,1230723.9113715605,1194856.0518745298
36,2569918.0973054743,2592957.1821889766,2597856.1332677156,2620133.978623752,2575913.4634793224,2592952.877337326,2157405.1476351395,2170206.1654020506,2417942.872205194,2408778.910720575,1357496.2223170116,1336285.2342909751,1269793.3213434683,1182317.9689273688,1174961.2435691254,1322315.246520779,1305399.1608231347,1224595.8750931672,1183506.7430945518,1168192.185388482
37,2567094.6309187687,2590050.882395079,2589191.331394433,2608007.048457342,2541397.87368385,2557578.290353613,2261554.6171575133,2305037.40125461,2373380.4027085393,2363808.96232618,1348212.002897075,1346979.2478641593,1119053.7051794836,1218591.5515399114,1231800.8162258572,1313611.6263641953,1309742.172404917,1126816.7093185433,1204698.6184291109,1210300.617252814
38,2579258.9281435134,2602421.5732372217,2594898.175404297,2614804.7088325927,2527898.4664072087,2536365.544962444,2205475.8087191842,2242443.529505217,2438331.182123306,2438976.96173307,1328435.431938447,1320398.3817262736,1046698.7740297456,1251183.302747928,1106045.235771646,1294898.9916302932,1286035.784988822,1040464.6026692105,1219339.2952631593,1102070.9178326596
39,2585746.775153891,2608005.8750411654,2594679.6908459133,2616226.169977614,2554711.720840046,2569956.2799073253,2170610.8449942227,2188001.437097805,2384959.527241359,2375157.8289096598,1340824.6427505168,1345226.0543864684,1141275.5202485651,1176145.7962534241,1235760.370381184,1305703.065418047,1313170.4351474321,1117950.0333292328,1158789.5797440738,1212889.6523658254
40,2574177.403718031,2597396.0196264666,2595629.5439443556,2616462.3362086634,2538642.372384062,2549177.0302057154,2235432.188424299,2268577.4693809487,2411669.1255337354,2403905.1364344102,1341939.382187179,1353755.2391084137,1045253.8405011987,1262839.9784597796,1222247.9304582302,1304663.5719263265,1314826.2302380956,1043999.7182766289,1234320.2205631614,1213099.4892541103
41,2579040.691142324,2602009.4697282277,2589492.656234498,2609757.175328142,2539803.6236345004,2539963.6026773285,2117048.947065385,2138438.426358113,2368564.0959031973,2350404.129524087,1320914.3955972174,1332732.1668977602,1215091.2875609274,1253545.5444447056,1258202.104656304,1288693.629922121,1299304.8790195074,1171243.954352516,1216894.919049541,1215368.5110696563
42,2579886.0245687724,2603548.467499332,2587291.456864955,2606364.49189939,2530364.4083687887,2532350.226021925,2171605.4399135066,2188757.463618031,2424222.769884187,2422809.394292877,1322720.546531932,1345390.438409606,1283694.0068790833,1247647.0713161074,1134091.3996912711,1292789.5670774945,1308802.6037482738,1224842.4076206721,1215918.8077956308,1117952.9946656867
43,2581002.157232047,2606393.4861533646,2591319.174828835,2612931.626149659,2529761.7962744394,2542262.508763939,2203271.022934758,2223126.2717691273,2416597.0285626156,2410738.0943917166,1354194.386792418,1354318.6882967758,1115485.7889836752,1253175.6965905102,1130701.3240997838,1318137.681717652,1321513.6834653073,1097815.728994296,1222032.3803485632,1123671.6931244174
44,2570640.4560116064,2591372.6158894766,2592679.499216496,2613638.047281337,2544743.5719247973,2551068.5229354203,2312705.533335324,2343330.201117129,2416194.0206467165,2413382.1738755694,1344598.0309865605,1323402.0772457852,1094150.3579384636,1217986.1434226944,1135541.6140048665,1308804.6050163272,1287483.3013194208,1088270.8161262942,1201235.1465013674,1128531.6885239645
45,2575972.643339412,2601236.9601996494,2594630.310695825,2616640.5049153185,2530746.6162631684,2537767.5871871584,2153632.059801858,2168144.4838142092,2346332.7662228565,2332177.7434770092,1346373.1909368688,1338087.1490661541,1131184.0475153425,1271852.528082505,1264756.0383110389,1313244.292970978,1308271.5149129778,1101608.0250081965,1244923.1228882268,1234257.6071252609
46,2568955.730964249,2596179.330336351,2586870.0381047335,2605115.229744266,2535316.5924238414,2551037.885248809,2253322.5806304873,2289547.2889440143,2345110.9095350513,2331915.785197391,1344563.4861123716,1359160.4981534868,1096304.4574779135,1213412.0457528331,1284326.413118378,1311104.0048932484,1320703.5642695746,1083230.5535710382,1187167.3587394904,1255383.4380040134
47,2586451.690166024,2606241.7400828754,2595377.7860809346,2617618.175144985,2531381.182507909,2537909.6437145444,2057668.4997914713,2070276.8495237646,2374640.279256448,2363895.8288239194,1317154.6849239392,1363331.7642571805,1228029.5942012751,1270221.218858899,1265093.4229014816,1283883.8271549805,1326378.7464117212,1182783.570417359,1235790.8368446527,1235786.9663905709
48,2565935.942862461,2586808.459635772,2588585.3245582865,2609548.782108823,2579655.8897522194,2588802.254439351,2205681.771582051,2242290.820708885,2425399.831999697,2416798.2339549335,1368698.5682318506,1355981.574192783,1082187.256579678,1172803.4096649848,1162751.1043942552,1329727.1753291944,1321696.9356143686,1058339.7276029023,1161160.0820170054,1156507.0273762527
49,2569493.707203528,2592512.0035710093,2596323.7630918976,2617132.550691465,2497632.9672564818,2504344.475130942,2184212.593126432,2214703.496529809,2396442.1845793054,2385098.0240748054,1336608.7785374515,1357851.5033943262,1091387.6557654724,1338085.7761492194,1226975.5864299352,1305322.411807059,1319189.6095416143,1083898.4289369595,1301856.323582743,1207195.4684040823
50,2569541.6645323127,2588605.301754186,2591359.998095561,2614709.0354510555,2551741.0561089134,2560216.5407792134,2166987.295520982,2177639.3978422713,2407278.0807770295,2401898.7657652274,1357869.2456221362,1355735.5511212517,1150033.8588244438,1182156.3291490497,1165500.498635543,1318007.1107090956,1323120.1872576387,1123229.3802759268,1165448.6930802853,1155253.208312065
51,2572752.275027848,2594844.0683723213,2594992.810706298,2613413.192760824,2537975.9945606496,2547798.278950149,2226248.159325619,2256082.403154179,2434044.650873931,2427234.020398332,1342801.9173046993,1324787.683515434,1148775.0760999252,1267300.7378620226,1124540.5434743504,1309577.3579300665,1288269.921387066,1113871.7230536714,1233677.0231081697,1125334.511700944
52,2579771.9837810276,2603165.609487297,2596366.349413465,2616488.523206796,2535085.771234027,2538590.1468485,2174803.8369484954,2192888.9854554213,2407508.19600146,2404256.005717961,1344332.267298969,1340871.787767823,1286931.739562121,1241160.5923292658,1164843.091934189,1313959.7801165364,1305939.796862183,1230288.5245707505,1215057.0061135103,1148477.7968532045
53,2580940.345033684,2602783.537364093,2588682.467100273,2610588.631226822,2538485.5266375337,2550258.9125839137,2192121.5262986487,2229850.3708218853,2386120.263385229,2367662.353260911,1360941.8670979799,1343127.1727283343,1057225.3239992822,1209144.2356223792,1254329.1979575441,1324068.6603796228,1308192.6472520118,1043177.3414751748,1190717.9353769012,1225689.1840304637
54,2583122.8878389746,2605535.019952755,2595926.883021447,2617725.1101885866,2559684.8829172053,2575841.6543663302,2313271.9732328784,2346515.644909681,2355049.4376051864,2345737.6784310304,1353144.4138506649,1342322.9431276952,962189.392409891,1205236.4441640354,1270117.9108840672,1318744.005855093,1311932.3368241629,983527.0544119587,1193933.5749005433,1249641.8451362643
55,2581305.839019598,2601976.634211872,2593247.008136548,2613062.8208801737,2533009.2696862863,2541938.2389213573,2286369.7005875683,2324742.784890215,2386589.5951296147,2369846.549996188,1334206.347422367,1323941.5617909194,1057817.9255992307,1222654.1667476026,1235395.5254020863,1299946.709302049,1291651.548113189,1040599.6972467253,1200642.3981610255,1215620.0322491708
56,2576270.9025072213,2599420.4381942153,2583592.902573483,2602605.961995705,2534772.316177696,2535711.8608171307,2291290.101276896,2332762.481097125,2393459.0139673045,2383230.7233750485,1345987.0544568088,1353381.8812621937,990887.9400551339,1236584.8909037877,1182561.2706139123,1311957.07892785,1315676.9731941018,981834.8996810248,1209298.5527859286,1158699.4035962794
57,2578628.816356885,2605296.0752521884,2591386.6396416146,2613702.28875559,2528890.426480895,2531970.3197964253,2187781.726106515,2217989.9605974266,2395353.797400982,2387704.2533112727,1327337.036626773,1343673.4918044852,1173116.493207991,1276347.576099821,1192541.4068207555,1292634.0919107534,1314200.0988175916,1111381.2592552288,1242438.6933551144,1174052.0176193323
58,2579482.8036663393,2602827.3474626346,2593406.5924316333,2615936.9493157994,2515398.1225585565,2520581.3718897095,2210642.5823085736,2250315.3193996004,2424716.1285059433,2416811.6819787426,1358112.7418179202,1362031.2705604993,1052024.2329768522,1291731.4170848518,1136375.9518405716,1321499.43451099,1324882.3967525016,1049734.8828537986,1246196.925480064,1138178.9030357646
59,2578799.8872700194,2604035.889009838,2586567.9613547465,2604583.5320827626,2525744.890216435,2535157.6774051096,2287695.46793326,2331732.96652577,2394997.127726175,2389655.50423118,1339665.187150321,1348656.7256875394,1023403.5708682133,1253432.3297903296,1159488.3046771137,1308934.5746917312,1315413.2544450404,983034.0081736607,1218181.6429767534,1160207.1531829333
60,2577952.297502514,2602430.964587426,2591927.699297267,2615321.384082793,2513960.7622336773,2515362.7833607825,2146945.6767863473,2181075.771235038,2359035.564676243,2346602.4258454787,1327212.4801595735,1361883.201776585,1075966.3665723673,1281717.2753514864,1287261.351115311,1297557.605916345,1327532.0953107341,1062868.486174205,1245954.7658324214,1256996.044840091
61,2574276.069016995,2595083.217580856,2591163.103912643,2611567.4706054,2529001.96186865,2542631.006358019,2234941.25845702,2266543.248813644,2394799.4009948233,2387259.239921888,1341596.664398926,1363355.232134898,1036967.8173116287,1252666.050485214,1166788.1985995306,1304543.1849351693,1327161.4962837878,1030644.7880417904,1229723.6167973578,1162945.9796058123
62,2569012.3639899967,2592298.704631329,2592775.4798543733,2613498.7777588423,2533843.047733524,2541822.820744411,2050024.9925238546,2070630.4251727948,2371682.4092977643,2365531.9827507376,1341012.920198985,1335569.4816872594,1235667.2819561718,1228457.7070910023,1262483.9782287506,1309821.0159371253,1304422.0091898332,1175360.9562492773,1203251.2652114213,1234921.855321057
63,2579650.25746065,2602508.8049914744,2593324.479710059,2613659.0600169394,2529139.5211711046,2530136.2915386576,2252773.812709592,2290772.8360680016,2410769.383330135,2393663.919284526,1349323.8210074801,1361317.8338750508,1091876.649492891,1247066.797205627,1227731.7029701201,1316318.8006617478,1325279.2854706948,1076301.2043227137,1214560.7379286664,1203193.4272590494
64,2568283.631971855,2594221.9541495955,2591461.9102206547,2610239.1090530986,2577233.4152835906,2596249.687032397,2128019.5690392153,2150668.9973938987,2403796.966754822,2392458.5852723876,1351832.0942162278,1347592.572432098,1104325.2974068641,1132433.1506961214,1201290.5933648536,1320617.2483077587,1310799.3635131868,1091115.642273029,1134976.5799814318,1183888.4020757927
65,2579009.8876984036,2603808.9555871985,2597342.8618569,2618371.5794101385,2520071.605728882,2524472.308331911,2208213.058984394,2239234.4934536954,2403426.2662846167,2399950.390271586,1362114.574335626,1337249.338725526,1074353.5361619452,1296844.724948103,1214060.227641079,1324566.6147643102,1302863.0843939467,1073088.1834934824,1247490.5134086518,1201545.7965499868
66,2574617.35504306,2597872.89334644,2589000.8341234354,2608151.842342237,2545190.0329961064,2556227.709911941,2175702.9224874433,2202901.1968992995,2445170.042022947,2441632.451462632,1333596.5942023338,1347801.381223057,1090078.8819712114,1190092.1531235168,1107579.9215789514,1301213.1716043542,1310853.8960746105,1075987.6162954313,1176718.7317760147,1093001.9791771804
67,2573930.15711051,2594669.153484796,2591536.885267039,2611390.808380188,2549254.0052037574,2566796.683889864,2174879.1719305255,2195667.6337118456,2400145.410621398,2401075.774799525,1349414.2339983643,1364773.8018970068,1140587.7780880309,1187776.6188217832,1202536.652902761,1312661.7300448806,1326009.9755045297,1121149.4918587632,1171483.745206816,1189372.1616052517
68,2580417.066506972,2605095.7157904105,2595751.694128829,2616316.7011832893,2568100.0645303214,2586926.2628343785,2142489.8386917375,2172859.945029457,2370453.288193501,2358368.6939646197,1349357.0827566837,1365523.7149127682,1126565.5468836736,1132522.391933113,1245192.7739440268,1318089.3888468053,1328742.1296191253,1093506.6152376833,1141293.4380664872,1215908.4968114318
69,2582487.475378028,2608498.6881157467,2595558.636185836,2620222.2668602997,2543332.778491455,2553289.7828691173,2338841.8862721613,2379932.6645005643,2405609.0055438415,2398435.9231397873,1344012.3710531997,1337887.404511133,965391.6665032076,1198166.080414419,1207015.5116637547,1310466.3765176735,1309611.8989808322,977350.8725483551,1185351.856652365,1178008.1612191922
70,2579318.4111649236,2605147.666162768,2587304.4583081296,2606706.8641408067,2509108.5096375705,2509840.739887974,2111759.370809794,2132861.3024512995,2371851.6554971416,2366536.016475018,1331677.9087941735,1342800.280528899,1172701.16923033,1331336.969509759,1199571.4098962243,1300911.5610317257,1306283.1404700538,1134689.1646883322,1286242.14335276,1181893.6737717337
71,2573052.7876982903,2597836.2734784884,2594270.7807450863,2614984.0447449,2542571.587261042,2540520.551508667,2149909.578751577,2176114.641816321,2393320.362401912,2390508.20706721,1333929.8218812484,1361661.1440358863,1093093.01142306,1254868.651170163,1221735.8166281204,1306676.047169496,1324500.1069966045,1081941.0662685484,1212316.856420153,1208121.6019268178
72,2575857.446439166,2598065.4154008813,2593249.9193192814,2614013.8775817575,2524607.811464324,2526450.9017244517,2204721.34787146,2218987.2088765157,2419650.2801282527,2412879.566933616,1341480.7779616877,1355376.2544278784,1123354.1909949565,1252768.6430614262,1134404.6888543807,1305708.0196188113,1322975.2978567756,1099977.7810228092,1227026.9005440534,1131071.1314722837
73,2580348.875501345,2605014.1667899615,2591454.82417228,2613140.1399404425,2552084.8119178396,2568099.8487430373,2231692.797802101,2256782.9215552425,2436574.553707893,2434204.983206316,1364239.5049929153,1352636.9225088248,1066785.9567541678,1176983.5493765923,1107127.9494694264,1327076.7356533902,1319792.347306278,1064176.3599854154,1163990.417527643,1103349.0568157085
74,2567600.198422762,2591238.125672834,2595337.561905284,2613992.1356097935,2540014.8642321234,2542671.3979578465,2121962.940335226,2149361.9445004845,2385479.642177762,2375496.271655882,1352867.0806869045,1358918.9846835176,1095277.3110652857,1232833.242914146,1234762.4085105683,1320612.587321766,1320465.5307195685,1082575.1710785723,1206649.6933006856,1216080.1561668993
75,2580076.1266634497,2607091.0192148285,2589995.974677711,2608965.954297211,2513452.1264095055,2519861.249448929,2181591.4649041463,2204931.172571541,2377496.602665107,2365092.345357062,1334349.495947574,1346121.592486949,1253298.2866673048,1339761.8186724128,1254313.0225210008,1305048.7160321977,1309027.7235257288,1211067.0467685922,1299262.4557077738,1235803.4145436918
76,2573229.3781331363,2594346.2497373167,2592920.30189119,2613079.6378436643,2512730.9175167624,2515642.0128120854,2281890.1004918693,2308605.39776753,2412064.627482851,2410574.356410186,1346824.830913028,1364114.2895479403,1067144.8925412185,1284336.0160033912,1115806.8059470367,1311802.8077293867,1327343.7592628507,1034961.1952709702,1248846.1181938853,1110727.4124195313
77,2573627.3532245047,2595800.97450932,2591849.587010017,2611728.857920926,2517523.282099003,2526359.612360433,2262501.298768795,2308602.5960491165,2401293.315543142,2401283.8990884377,1334215.0756896217,1364012.233485188,1016758.4356333747,1257307.6794718886,1166398.3931364673,1300312.08365427,1325318.1904779791,994495.7019486058,1221059.4952452898,1160343.2576476482
78,2580787.506075442,2603741.793376471,2595150.388449651,2613643.705467733,2523903.915378105,2531216.2488914626,2192983.386648829,2221268.8570526014,2361518.649602896,2358095.6893668743,1333917.0562139608,1355833.7634344478,1131097.4763151265,1265615.4865536897,1231532.320832616,1303594.113315941,1317313.7925487384,1083175.0662611693,1238944.8517091218,1210740.1163646874
79,2566455.0786386905,2588571.8278869083,2593941.3931140434,2615314.7422530437,2520343.0166931255,2519395.4399514534,2116705.1286028656,2130643.5203571115,2391317.400071929,2379540.8231420266,1352309.5102384961,1340108.5562991675,1177008.1973112666,1275277.9708302293,1213183.4776469653,1317874.506505006,1307378.3361109584,1145898.9950141888,1230417.716373882,1202921.1743472738
80,2584835.4597231764,2609567.61592598,2590393.0192740746,2610307.2326741833,2512140.6467197714,2515006.4420212507,2171599.8587640463,2185176.1330472715,2415936.793667958,2409974.3983938675,1337025.1972512591,1337626.8860317008,1147418.7946096428,1283732.8171688085,1148343.7472349396,1306156.8648184459,1298736.1127472438,1123534.3250534786,1253400.2677136254,1133834.984119564
81,2577760.6396480026,2602772.2857035575,2590947.9465745194,2611759.68273657,2498434.105433845,2499336.7918317737,2173760.5472209975,2200870.8283374975,2364382.305072503,2356538.546470712,1352993.9697116432,1357129.2225631499,1154765.5803429696,1290012.9141541363,1230473.6556730724,1317850.2495885948,1324652.4737488686,1122832.4334407866,1250058.372912799,1211608.69294639
82,2570735.3984284005,2594105.0495818993,2597338.901238046,2618161.3886204124,2565777.3845773004,2572766.5428898837,2240938.2591879386,2268275.382592582,2400255.735151097,2392620.335181997,1346621.0936135715,1351183.435344715,1035761.2765142039,1216003.7809554944,1188634.1496936104,1315522.3404878466,1316473.2739351061,1039396.3014634874,1193855.7965518532,1173492.4224042236
83,2581140.2320972024,2605743.7547361264,2599183.8750697495,2618585.413179363,2529537.8495533504,2541098.6320415726,2099443.642284935,2114727.503382439,2379442.6124079567,2373051.8699381696,1353611.0766378962,1341720.7449045212,1167078.4241589492,1275349.4526128862,1246572.721325619,1320067.8993508096,1305610.317824369,1134625.8552323559,1247389.3259049135,1233437.5096011523
84,2585422.6433626674,2608984.487086192,2596781.766379584,2617603.314655251,2547588.3009435646,2548335.6245255372,2155074.176820403,2185965.93760469,2434350.7497598315,2425286.193332712,1344815.3663116603,1355255.885964703,1148167.7489565664,1262570.0164872627,1129888.2872361783,1311055.6855419127,1316886.6407222112,1123917.601704412,1225659.3932461538,1129928.0936054853
85,2574086.7405782365,2598325.2838930003,2596689.268066557,2618363.164870359,2537018.6813273,2550590.252425154,2305864.529382623,2331869.6862638793,2383596.090251426,2376609.399190079,1348579.0208781608,1342088.011470333,1090748.565662154,1256069.2143413692,1257829.3561328799,1314338.813640391,1311809.6745117162,1085046.6475501237,1229762.0060476311,1238387.9121128633
86,2570942.4536848324,2592892.4383724593,2596360.607550357,2618680.1759474296,2491797.658266009,2496117.295553197,2150710.3426649966,2179062.1147059314,2385471.095197877,2375256.9146782993,1359704.558000913,1338861.2015362706,1156914.5724270937,1290893.1001020637,1254101.9316322007,1322387.3228246628,1303462.6640423238,1122946.9243868112,1263325.740226986,1222198.8016546664
87,2582253.401887737,2604526.304311701,2596003.4198098485,2617087.4220648534,2539723.953461921,2553250.498293335,2290876.111753893,2342322.2933853557,2404166.6553921485,2403301.073009716,1336328.0059592228,1353246.271387307,988892.1158278532,1241321.9367190623,1144014.7002794137,1302303.0850036116,1319226.1703513649,963105.600301224,1227893.4490163226,1134583.00593458
88,2575766.6413550144,2599028.6427453067,2586273.208658844,2604541.946426305,2495551.0155515457,2497373.4508103337,2110816.7504575644,2138364.4381660754,2394001.2106969873,2389614.5747652603,1353484.5619436896,1348794.3321311784,1186316.817016732,1298661.0408023512,1214256.701246205,1318576.6787795725,1315511.9472734004,1155733.973062836,1261668.8108282408,1201848.2712547474
89,2585331.7496686373,2607869.54740667,2595639.358783673,2614027.5995650846,2529427.0131760556,2533462.6913492903,2124013.7820105664,2143640.967944922,2394210.7877061306,2386321.9800639106,1334346.5428075,1358753.2293689686,1174070.01761151,1315090.087268365,1206548.970465984,1299155.1180848153,1320354.6035293543,1122675.4568164875,1274285.5524689476,1199053.2519964671
90,2579753.940754199,2603809.524284533,2589387.8515446708,2607793.1974066077,2547941.3222593972,2555012.150799148,2308028.835682745,2334573.909403705,2378220.128602115,2374351.099618845,1332014.7644810448,1347645.4047063761,1067433.7443089096,1229741.1351925374,1242239.870832038,1302125.7336708626,1308884.769929046,1043325.0218762135,1206950.7931198238,1227308.194824069
91,2571314.053321973,2592333.5332565526,2594658.9033495286,2618416.488578927,2516498.187629848,2522623.8377863634,2161094.0252609616,2190548.5054707928,2405304.7506370554,2408116.000317782,1341438.1237105832,1350090.2391722994,1173418.7541596724,1298722.5863948835,1136108.4326330558,1307351.570640537,1316116.9373934476,1137095.6436583765,1255934.6236293805,1133225.0482235176
92,2581173.65920999,2604499.616830275,2590420.8340497427,2610649.0115594994,2499732.5610915273,2505713.4141720617,2176967.8236015486,2208524.1874000314,2396503.2874920773,2391054.421006252,1355314.8327348533,1332452.019543992,1105886.576267523,1298599.1265784889,1222823.869016813,1320800.8265439696,1299029.9995386242,1082530.7305345982,1265127.8339313993,1208220.0851071954
93,2576235.0850491603,2596072.8937424757,2594398.5354813547,2616885.7116568377,2523605.207930877,2531643.497345985,2087970.2801522682,2101850.379638197,2398690.942011049,2387918.485956194,1338528.11659933,1362974.3755028604,1190273.416313467,1264717.1256561242,1228764.9161609448,1301169.4736598842,1326083.6083944065,1154499.9040615587,1234782.225520971,1213944.4787175516
94,2582791.3786019944,2605828.805484959,2585091.400818811,2603504.0254476396,2552016.994185812,2551088.9935819814,2188559.373741759,2219966.9525531386,2376959.0667924294,2366832.9048617305,1332968.8320468343,1358451.0866201564,1136605.3590345834,1274023.3683798464,1223846.892670431,1300842.8550337527,1319623.709308667,1116061.7016465801,1239189.8040095768,1197929.1498911912
95,2580068.0637021135,2602867.4428343643,2593941.937403655,2613472.2385268523,2517981.061281351,2523332.820854753,2213741.363088375,2261592.67438263,2373852.1351259043,2367678.00404105,1323875.6584420009,1364691.9781073786,1058102.1765452619,1296384.9586209178,1256397.2590931698,1292478.0232367495,1326109.274942229,1038557.8275638729,1255594.5612713604,1230860.7828325839
96,2586990.3558029626,2610862.1929292106,2586146.8025255194,2605660.393374941,2538806.192042725,2553433.1805729093,2224191.5925259264,2251882.8857565075,2398727.4397509703,2394725.550618652,1335965.285225566,1332262.041259107,1061294.2650169046,1214152.7592779382,1208019.1079559738,1306686.5596812977,1301989.2777651527,1053727.0742890881,1186356.6245502122,1189611.0601129497
97,2572023.2911295434,2594936.492645902,2593114.4827948306,2614904.1089477013,2516818.2165241167,2524625.92737848,2078262.9274169516,2095610.278085579,2404905.9815095128,2402825.245799301,1349906.6116632146,1348629.7012760036,1207912.8852774077,1295150.0498191875,1136943.4785116625,1316234.0884806379,1315495.282324084,1173116.8476332119,1250480.8457438536,1135326.2916158047
98,2573278.7791403285,2595404.1506529134,2592896.4029936017,2611614.5821792865,2539094.199735846,2545706.954397073,2260928.130684343,2283448.803809235,2360441.5723331454,2344277.0654883706,1328904.7429925501,1329119.215306723,1080820.0238431266,1249856.9315947639,1267898.291791861,1296566.950653555,1293600.4076725568,1072675.0601237789,1225421.0538642886,1230384.0246550008
99,2576942.0106991823,2599847.413266797,2594279.6658036597,2618581.8235230576,2548094.7351580914,2560880.7738553835,2100575.047855663,2118582.903654727,2427029.7546958886,2419759.4566884977,1335517.7460531844,1340860.8777553607,1218676.628569402,1213584.3751666052,1168927.5816164066,1305338.5268652076,1310110.0389580275,1166601.7409010387,1203334.547128898,1163914.3963701942
